m4rcesz_da_beast,6680
csolledavid1999,6670
osbathgergo36,6660
nf_ozsi,6660
j0hnyhoo,6660
slayer2699,6650
r3zsi,6650
kentaur22,6630
borzaka,6630
markbee,6610
bloodsamurai1,6610
repp3r,6600
mrmurkey,6600
unatlucc,6590
se_woodbrush,6580
gregcobbler,6580
dotafeeding,6570
beex10,6560
iamalovelypenguin,6460
unholys,6450
edgar_yt,6435
arnolddd97,6385
insky4,6380
sjozsi68,6370
rediola,6345
lokittypie,6255
dan1thereaper,6225
nmy07,6045
csgomatthew,5990
kozmate0508,5985
sinyedra,5980
bluetorch1,5965
neware,5960
mummer420,5940
cseresznye80,5930
payornay,5920
losowanya,5910
szumihun,5890
arnolddd0707,5885
guzm0nc,5795
t_th0mas,5780
nicki98,5710
illusion766,5705
lnsg,5685
blackblaze119,5665
sovany,5640
futon79,5630
makakoocelot1,5595
analbarata,5595
dragonercube,5570
g4zd1,5520
frankerfranf,5490
exxiler,5480
jampadeek,5455
veldakorn,5440
shuntanos,5350
budikefe,5270
porthosz,5220
einstand,5220
okofeimata,5210
pifta96,5155
katkaboi,5145
greby23,5140
colt0901,5135
hardaniii93,5130
murkesz,5100
eperhercegno,5065
zoleee13,5055
innerpeace123,5055
sndisk,5005
lauritwitch,4990
gergoci9,4975
dzseta,4955
stefanio1998,4900
ruslan_peter,4885
trisztanpicy,4870
petihun19,4870
buidabman,4860
komcsi,4850
darexan,4830
dzsi0117,4805
auronhun,4805
keya96,4795
kwixystar,4790
hoaxz_tv,4780
pistolen,4770
halaszca,4740
kobi1991,4735
hegipeti,4720
szelesflorian1,4705
dkgaming98,4695
danielj_,4685
wpixelw,4665
somogymark20,4640
nepstergame,4600
sir_seyop,4595
kicsikalo,4595
cuslolq,4590
n0rbyyy,4580
zazul74,4560
elenwerner,4560
anzani_hun,4560
narvi123,4525
symphonix1988,4520
matebene,4515
trisztanpici,4495
kylac0608,4470
virgoproz,4425
boniczlaszlo,4405
n3me7on,4360
kristoofs,4355
vision133,4340
ricsifiuu,4330
kisvasi,4330
chrisraiedr,4315
belyeg,4315
scaller822,4280
jozsiazalkoholista,4265
ideggondozo,4265
d3pthyy_official,4260
derculius,4255
dzs3k,4230
pandu666,4225
croxnage,4220
zolimeister,4200
ement,4195
warewolf95,4150
nexdaywalker,4145
belaazuzletember,4145
kinekfarkatarka,4120
olizsoli,4115
himpike,4110
magic_1313,4085
ricskoferi,4020
engine___,4010
mateo984,4000
ddiscover,3995
q_xennw0w,3990
officialbago,3990
bardiaki,3985
eszti02,3970
gammer4,3955
death_032,3955
kenny0555,3950
mentakiller,3935
nrbrt_,3920
csiszfajter,3920
kiskanyar2002,3880
vass_szebasztian,3855
nofret,3790
milanvagyokcsa,3745
walkon69,3740
skoodenboy,3730
levi200269,3730
raitencs,3695
moonlight08141,3685
amogkiraly89,3685
zaraaaaa,3670
levinzk1xd,3670
vektor_kill_er,3660
mrloky09,3660
hat1s,3660
tangasrambo,3650
menyus_1011,3625
gulysleves,3610
kbr6s,3595
hundiablo_2,3595
apache540,3590
rusidomi7,3565
dyricktv,3565
ricsi0106,3545
palimrk,3530
spinnercs,3520
kleo1982,3520
atosz9109,3520
desma1989,3505
raidon17,3495
nitrous88,3490
hokdom2002,3480
benitho,3480
thepear8,3470
roal101,3470
gogocsgo17,3470
kiberbob,3455
taticsi,3450
krisamaci,3430
alex2092,3430
gorlor99,3410
goditselfx,3405
crashmaker_,3390
hicks_hun,3380
xleaguemax,3370
blas01,3360
cimby_,3355
zsolt_,3335
vulpes2x,3315
boryouhun,3315
flash1205,3300
akos0517idailyi,3300
p1n4r0mb0l0,3295
tomiboy002,3280
zozidalom,3260
fustoskornel1,3260
csolledavid1106,3260
b4bu96,3230
smurfing2000,3220
scolwerz,3210
newgamer1111,3200
speeet,3190
adampetike,3185
stauka,3180
just_a_snowmann,3180
b4nd1hun,3170
tothcsabane,3150
lokika117,3150
koxosboxos,3150
investigationdepartment,3140
cortex1290,3140
hiper_nuts,3130
easy987,3130
bubi_26,3125
streamelements,3120
moobot,3120
gige,3120
gamerhutv,3120
esportbot,3120
wanstryx,3095
epichun20,3095
nightbot,3090
ronimgt,3080
twitchanalyticbot,3060
castiell0616,3060
fertinor,3055
snatch_turkish,3045
t0c0pheryl,3020
taugrepo,3000
barney03,2980
mrd0gg,2960
winnie91,2945
vizicsoda,2945
terhesm,2945
sajtosnokedlee,2940
dyuss27,2940
domy_hun1,2940
hofy88,2930
n_szabi,2890
dawedie,2885
tom3s,2855
regberhun,2850
rectrooll,2850
rasaroli,2850
fusyon033,2845
hunlan,2830
xange1234,2780
styleeerr,2780
ilovedigweed,2775
hunlolo,2770
electricalskateboard,2760
drsosjev,2755
gerisoon_eu,2745
t0ck0s,2715
koxxika,2700
fortschritt1,2700
cosmovagyok,2700
sw4q3ar,2690
dankmeister_1337,2685
kolibrifityma,2675
zsolti8001,2670
snowmaninthehell,2670
razor1949,2670
kamikazee001,2670
denaess98,2670
zero_11111,2660
szasza_gamer,2660
st4rchm,2630
logviewer,2620
laci009,2620
alanhun25,2620
pengewari6000,2615
nagyfarok,2600
mikencs,2595
laszloabuszvezeto,2595
arnold659142,2580
never_wow,2565
grunerdominik,2555
d2soni,2545
v1ktor3,2540
cr4gh4ckk,2530
idnamzciv,2525
zoltanthemlg,2520
szabix7,2495
maksonytaksony,2490
mood_csgo,2480
dragodwar,2470
danida992,2470
titike321,2465
powerka90,2440
timzis,2435
kisgosu,2410
trollt22,2400
gaeser,2400
exill09,2400
destroyer_twitch,2400
castien,2395
chocolate_waffle19472,2390
maffia602,2370
d0gefather,2360
stanthestan,2355
moniiika,2335
mestermaki,2315
widex77,2310
r7csapo,2310
jet9520,2310
emaerdae987,2310
evesz03,2300
serverk1ller,2295
hunst4lk3r,2295
ccpista,2295
tonichdtv,2290
boniverse,2290
fr0271,2280
dem9x,2280
commanderroot,2280
red_man20,2270
kukikas,2265
szupervok,2230
mtn_816,2220
johnnyworld_hu,2220
gm342,2215
snypex_s,2210
mobal,2210
barnafeco,2210
p0t4t0hunt3r,2200
feeeder,2190
x1nw3r,2180
greg820918,2175
ecsii,2175
ziblazerx,2170
cirkula700,2170
jeblanfer,2160
gery286,2155
sc0rch02,2150
tihi121,2135
redsundowner,2125
zbanhegyi,2120
maathewwww,2120
hernyocska,2120
kukuciin,2110
kanyo11,2110
zsocca93,2105
herko11,2105
zsomdyx2004,2100
kickmymooon1,2100
noiruu,2090
kewel88,2090
csirizar12,2090
vvrazor,2080
do22,2080
darkwizard4,2080
joeavillanyszerelo,2075
hunfatal,2070
tengo007,2065
krikkina,2065
dawnton101,2065
sesti2,2060
paller84,2060
bullseye444,2050
cirmosnal,2040
ploiceman001,2035
zenuxintiar,2030
just_arandomguy,2020
nephron01,2015
cpttomi,2015
biga77,2010
ayew1,2010
iamfckingblack,2000
beerwalk20,2000
official_mrk,1990
kovacszoltan2007,1990
dr4ci,1990
eplm4n,1985
theqweex,1980
martinbarca01,1980
szm19910806,1970
atlantis_bence,1970
biggfot,1965
matejadlo,1960
elem02,1960
harcsa222,1955
erik363,1955
queenci_,1950
pedokecske,1950
officialwulz,1950
anonymphen,1950
noelhun321,1935
pasa8,1930
csutii33,1930
szarvas0,1920
kortevok,1920
fsbcrow,1920
l_a_f,1915
royale1e,1910
rock_reaper,1910
kriss06,1910
benedit77,1905
reformed_kapfranje,1900
lolnoize,1900
negativ_official,1880
zalaan04,1875
ilyu575,1875
raiikagee,1870
exonautas,1870
anadr3x,1870
szebe,1865
shockker2,1865
emma0805,1865
rck01_,1860
sunn8003,1850
no1icare,1850
bettingkido,1850
gikkii,1845
qwased,1840
hmgamer123,1840
shalar,1830
andlot,1830
encicus_stream,1825
sicktaylor10,1820
rajder90,1815
pupu111,1815
kmkhun,1805
skyzzcs,1800
partyzander,1800
agry85,1795
ksn227,1790
h3ll0j,1790
dtomi1o,1785
kriszti89,1780
boneykaa,1780
zolee24,1775
hilfiger98,1760
at33sz,1760
rvrgenesis,1750
along2r,1750
dissv1,1745
ritmoka88,1740
drhofman,1740
rog_whiter,1730
korpas_13,1730
kalmanka107,1730
hydrasteam,1730
heapstroboy,1730
jaksikahun,1725
bpaloghlol,1715
byrka,1710
adamneder,1710
gigiszfvar1992,1705
bertalan26,1700
virolhun,1695
battabenedek0610,1695
szvideo,1690
hsshooter,1690
dio3010,1690
9monolith9,1680
torcsi98,1675
horvathmate2017,1675
enzike,1670
balazs200091,1670
b0bbyy_cs,1660
amadeusama,1655
methosjmprs,1645
easysav9,1645
luxkatta,1640
run2dii,1635
kopy,1635
slozi_dte,1630
ranker_official,1630
ghaliex,1630
destinyofficial1,1630
veloc1ty,1620
pampers012,1620
mitex92,1620
efen,1620
amnestrix,1620
paradoxxhun,1605
szabi199811,1600
sid_the__sloth,1600
lecsocss12345,1600
n0tram,1595
cornel_klein,1595
picibear,1590
fanatiqss,1590
caazzoo9,1590
mrsfppp,1580
v9oo,1570
cs4sz,1570
jennerinh0,1560
mexiofficial,1550
szabolcsi,1545
ricsikkeh,1545
tomikamo11,1540
tamasamrein,1540
srtr0022,1540
aksimaksi,1540
pdwster,1530
tormas018,1525
liton122,1520
bobika123,1520
0rezsi0,1520
kulgep,1510
felpalya1,1510
szenben,1505
mrmalac,1500
karpatistream,1490
pilkapet,1485
sm0ker6n,1480
reachmydreams,1480
h3xor13,1480
axon9902,1480
polyokageri,1475
berethornxz,1475
marcid725,1470
hunikaxd,1470
cody19960206,1470
b4nshee1,1470
drewqy,1465
csajnicsgo,1465
sonkaharcos,1460
kovamark,1460
gintonic92,1450
changain,1450
orbence,1445
oneman96,1445
lajos9103,1445
ruleez9,1435
dolbagi,1430
azzygamer10,1430
nofficial,1425
briskibloom,1425
stormrider00,1420
nemesisr,1420
gaarabandi,1420
holitomi,1415
gy3r3csk3,1415
kyuich,1410
kelebola,1405
zsombor93,1400
tomi1985hun,1400
realsmakala,1400
nutokaduo,1400
jeanlaflambeur,1400
tejfogu,1395
heross,1395
iscream348,1390
flopsssss,1390
fanvide,1390
springimate,1385
mcgaish,1385
madluck44,1380
framali,1380
ysac89,1375
dokiur,1370
stevenflautner,1365
doubled0714,1365
trefikek,1360
pandadm939,1360
matyasadam,1355
csacsahun,1350
barna0909,1350
fasuna,1345
tesconinja,1340
hokidani,1340
rend0m_,1335
patya44,1335
gusztavsszon,1335
0kz_cs,1335
robroy,1330
mmislead,1330
magerii,1330
fuzqaai,1330
knczworld,1320
probiii,1310
virodani1,1305
xovan12,1300
waltucky,1300
simonj7788,1300
elpiranya,1300
0bakker0,1295
dhumpfner,1290
charcharo,1290
mr_gugu,1285
lip2nn,1285
stayaboy,1280
myky1996,1275
mrsundim5,1270
hunsuri,1270
sp4rkee_,1265
rog_warriors,1265
vakponi,1260
hando62,1260
drkacsa,1260
akos1204,1260
saxxxo,1250
officialhardcore,1250
nemkellsemmi,1250
majki82,1250
hcgrab0,1250
defix1337,1250
ugarka1,1240
komy28,1240
beherovka951753,1240
kyro3214,1235
appranaxoff,1235
ynevi,1230
v_marcell,1230
fplc_player_nigel,1230
cooliocsgo,1225
rxmikes,1220
refpixel,1220
rakkenroll,1220
kukoka0108,1220
abonyig,1215
szabee124,1210
csonesz005,1205
alive1,1205
vererhun,1200
rage0flegends,1200
bliiind_,1200
zapetti,1195
szotyiz0,1195
thecrow002,1190
pikeman91,1190
fresdems,1190
kyoden94,1185
sc4ryhun,1180
gyalogos_macska,1180
elfajzott,1180
adam1996,1180
vagobzs,1170
rockie_d,1170
kingaaaa18,1170
rolandocska2000,1165
armin6500,1165
matteo1,1160
botihun20123,1160
khepera61636,1155
robert1234567910,1150
nbence12,1150
dwaebie,1150
spcaszti,1145
habite1981,1145
maderb_,1140
k3rinho,1140
benithogmx,1140
adrin004,1140
adolfhitman_1991,1140
szero90,1135
selbee_tv,1135
segague1,1135
wzn1337,1130
sheld00n,1130
ger_,1130
fkzeg,1130
kloakinnskywalker,1125
zanculele,1120
thorles,1120
worgenmate,1115
sm4r7,1115
laggolsz,1115
aztaq,1110
yablit,1105
sepsikristof,1100
salanki_sasa,1100
official_bnk,1100
kapusigergo14,1100
hoxxxi,1100
f0rintos,1100
3xp3rt8,1100
brawnesl,1095
robika06,1090
jumpikabestx,1090
barlord01,1090
abnorby,1085
paykospony,1080
oldsch00lcs,1080
okikee_balazs,1080
playoffical99,1070
ndaniel6q,1070
lel6924,1070
d_kewin,1070
mihaleczbence,1065
c0rey8,1065
tod015,1060
ticmix,1060
omlas_unlimited,1060
no2icare,1060
nbitleader,1060
farenzor,1060
exo_xd,1060
benchuncsgo,1060
slima66,1055
madafakasuperretek,1055
rainforesthun,1050
positive991,1050
pisti42,1050
mrkobold22,1050
khalimdorh,1050
bazsigamer11,1050
balazzzsss,1050
negroplayz,1040
horviiii,1040
cstomi22,1040
csgo_trufa,1040
nyosz,1035
stany077,1030
soofulll,1030
shepii2k,1030
pushmyfinger,1030
mkrisz23,1030
lukigeri,1030
kriszcs1,1030
klenozolo,1030
hungarigeri,1030
sboti99,1025
indsaasd,1020
hakireloaded,1020
tibuqt,1015
er1k,1015
icsigo8,1010
hiimdugo,1010
heffecsgoo,1010
dummagic,1010
ccccdrdeath,1010
kaldan01,1005
huli1899,1005
sztiksz,1000
ryper200,1000
puntyi99,1000
pampal1ni,1000
mrsaxyguy,1000
merkur383,1000
marko0304,1000
lszllvnt,1000
komisznorisz,1000
kokszoskaroly,1000
kishamza1,1000
kalmikaaa,1000
jrkkk18,1000
blankfile759,1000
b4zuka,1000
logandd92,995
jar_tv88,995
csonesz004,995
64770,995
vargabor97,990
tttomboyz,990
tomeczeqqq,990
raollikaa,990
qweriti,990
orbanbrother,990
janib1234567,990
deathwatch69,990
abakiraj,990
2000tizenvalahany,990
xepx_,985
raidboss12300,985
powiqa,985
pandapuszi,985
valakrix,980
tajvorr,980
szapy,980
patrik8500,980
nymrod1989,980
gedevokosztcs,980
andris20029,980
sityu1990,975
pettya0,975
molnarrimi,975
kissimi88,975
derdied4s,975
s3qu3nt,970
rofld1,970
miluka20000823,970
galaktusz,970
fux3l,970
deshawnbricks,970
analfab,970
na3l,965
bsaron,965
thewortexhu,960
steelbeef9,960
nemtom_,960
laskoylevente,960
kovacsdaniel1111,960
hawktrix,960
gerimester3,960
dylywolf,960
bazs1gameplay,960
zhuxinchen,955
killer0029,955
viktor544165,950
pari76,950
officialbk,950
levminer9,950
garvis2004,950
endruofficial,950
deye87,950
csoki76,950
carloman,950
damagebm,945
wullfyularen,940
kristikeasd0131,940
gargaba,940
emerson4k,940
dexxx37,940
kurusaesz,930
davidi87,930
csonesz003_,930
csolt,930
allew0w,930
onlynewbie,925
noname3469,925
wirelessshark3,920
sagu14,920
l_viktor,920
ch3_m,920
arpi,920
xixobeast,915
qu1kchick3n1,915
lorinczbalazs94,915
qad12,910
nonamas,910
mg1180,910
colourx1,910
beni20000119,910
wittars,905
tivadar1112,905
ladocki,905
yettihun,900
winnetou86,900
wertrud02,900
oopswingpoker,900
nptibor,900
ludviggeri,900
klajdbeka,900
imiik1119,900
darklaci5,900
avcn90,900
ak47m4a4awp,900
crazydoctorbro,895
benii9107,895
spooooookyy,890
ko_la123,890
franca17,890
dominik7182,890
gt220gt,885
wrghig,880
rezali2001,880
refi_2895,880
matthieq,880
kiralykaro,880
gergo7oth_,880
gbkyo,880
sziky543,875
prokor27,875
sashegyip,870
patrik1234556,870
kolyg24,870
gse92,870
gmax_hu,870
axiarion,870
mrlaci,865
fourhit,865
ttoto2008,860
szijoe,860
skipper00101,860
sinyadav,860
malikaaaaaa,860
levivagyok1,860
laccys,860
deadrush97,860
lev1xcsgo,855
kyodenaka94,855
icike9,855
xeeqrew,850
turbomanhun2,850
tox1231,850
rydiast1,850
limet0,850
hitmax27,850
hiiggiins666,850
hesher01,850
eskaerable,850
choffe_,850
voodoolivehun,845
vladdyishere,840
ogstriiker,840
netpower15,840
mate11254,840
blicc,840
biyo_,840
balabalubali,840
jozsef_tomi,835
tigerblood__,830
roliee,830
rangob,830
nordicmight,830
matemert,830
maddpls,830
leglolax,830
gibson_official,830
extazizy,830
barkodczy,830
viharsarkikutya,825
buckoka,825
xrobix001,820
th3kubu,820
pancakeninja18,820
eazykee,820
daweph,820
csooroo,820
vauvau2017,815
tootie1,815
klaci,815
wihay,810
macseb1987,810
lacikman,810
komondor123,810
iksz2,810
h1rariko,810
echteone,810
csp_liderc,810
rakottkrumplii,805
norbinmth,800
megboryt,800
mazlius,800
jokeanimal,800
janika158,800
harcos67584,800
cktms,800
rezoli00,795
szenti13,790
sh1rin,790
ruttika,790
ozis117,790
opiumzorr,790
nemisfontos,790
g0rebyss,790
cocainelul,790
b4nd1hunxd,790
airwalkthebestt,790
lazaly10,785
nsx100,780
lordandor,780
kistak1,780
jeseeee,780
cherr1m,780
boxy_g,780
benyythegod,780
soldier850913,775
markolevi21,775
wictim90,770
skepan096,770
shadowkaa99,770
runnydoughnut,770
rudolfp,770
patrika112,770
papa9913,770
ngergo0831,770
l1ttles,770
kin_les,770
gefahrgut,770
danikaaa200109,770
cromex79,770
bucy86,770
bncmn,770
sasi20040102,765
tucs1,760
szti_,760
sanchezsnz,760
rtn_0,760
n3ko0,760
materia888,760
ibally,760
gabesz778,760
dspei,760
canabian12,760
bottyantv,760
bettiasdfgh,760
akmegyapubgfullgrafon,760
shadowgunit,755
s4mur4a11,755
kamioncsgo,755
bigsnake83,755
selevenxhun,750
pscyh0x,750
marci0208,750
gusnhde32,750
f4gz0r4wr3,750
barthalosdavid,750
marinvokosztcs,745
csokifudzsiii,260
coreyt4ylor,260
christopher19930325,260
blue745,260
welder87,255
szilooo2000,255
sanyo6921,255
raidercc,255
european07,255
davids960,255
thegreg01,250
takata99,250
sweetimmortal2,250
ssmwokheloszia,250
palacsinta300,250
molokko01,250
metha9,250
lazloforce,250
krabbmaga96,250
kisopi_miskolc,250
jacinthu,250
hood_o,250
hamu39,250
hambe20,250
grady_88,250
elvente,250
dungi89,250
dominik65,250
djrise07,250
designexhibition,250
dayan611,250
daniderr,250
crai_gameplay,250
balu015,250
balazsnetwork1996,250
anthraxcsgod,250
anonymusgamr,250
angeltiger34,250
53rd3rd,250
vargabecy,245
szlezike,245
oneqshot,245
llfecycles,245
lazaa,245
kiskoczka99,245
jamiekamikaz3,245
iq_killer,245
galaxyy39,245
bencex198,245
zsoooca951,240
zsad27,240
theg0d,240
szpeem,240
sepivokosztcs,240
repa,240
qubiq001,240
nope_bouncybear,240
nagylaci01011,240
lexusgyt,240
ladapeti,240
l1nkplayer,240
klencsi,240
kiezafalusi,240
jackhdtv,240
giganticle,240
genius_,240
ganpet70,240
g3li3rt,240
davidkecske,240
david0811hun,240
csacsusz,240
cryptic007,240
cronveiit,240
berzerkyl,240
bancsob,240
araxhun,240
akos231,240
adamngu17,240
ace2027,240
tortahegeszto,235
szeki089,235
powe05,235
pokmaci,235
gecman14,235
dexiphyon,235
csabszi1994,235
arcanhidegvigyor,235
antalone,235
zsombikaa80,230
yodafonehungary,230
xdominik0525,230
wing84,230
torzsi69,230
tomcsika10,230
slidenlol,230
skritan,230
shinytailelegancy,230
seri96,230
river_of_light,230
norbesz123,230
nadzriyhy,230
n3szt0r,230
mykisan,230
mr_arm1n,230
mizdom11,230
mattyias23,230
martinka18,230
lwr3nc3,230
kuramer1,230
kronzyyy,230
kiswwe,230
hesteggerivagyok,230
gyikoc,230
goshiin,230
glacemister,230
garadabra,230
gabcsiking98,230
epdvagyok,230
elmanifico19,230
dennizhun,230
dawemc28,230
davidman33,230
cezi2k,230
brzzooo,230
boomth14,230
blueberrymonster,230
benimen718,230
ballailacika,230
aszabi,230
arielhanson,230
applepen20,230
amdplaya,230
vargamate2004,225
thehentes,225
steadyke,225
sobinin2018,225
pudzsi,225
kesszje,225
kbjunior,225
firith42,225
xprovision,220
urrrby,220
unnamedman22,220
szntb,220
superlevi77,220
sebestyenbonifac,220
reijo0fficial,220
php_programmer,220
noootbad,220
noobthelegends,220
motodre,220
michaelhun,220
mezix_tv,220
madox364,220
kravennnnnn,220
kaszashun1988,220
jeffanyt,220
istii95,220
hanibalsmith4,220
haku1114,220
golyszli,220
gargoatesz,220
frosthope1,220
frocskoloktv,220
flash097,220
ezmegazofficialpubg,220
eszeveszett94,220
erdenesuwd,220
dominik_018,220
danikahhh01,220
csendesttt,220
csabee25,220
chriscoom,220
broken_clock101,220
baraksomark,220
ballager23,220
atee_,220
am0000k,220
agen488,220
7ruv3,220
neduddgi,215
leventei3orbely,215
foxstreamly,215
besenyeibence5,215
aaaaaaanarki,215
zolyomil,210
zmbgod,210
vorosattila2002,210
topsecrethun,210
takacsocsi111,210
sandorfialex,210
sajtkukac12,210
sagonhun,210
roberto1234nil,210
pronyo77,210
ppetyka,210
peti088,210
petermann22,210
orsimarci1010,210
mrscreed9,210
mosibalint,210
macso1997,210
loginolok,210
llcopyll,210
kristof1110,210
kragergamer181,210
kibokaa,210
kellinn1424,210
kardiolog0,210
jeeydee88,210
janimisi,210
janikaaa8901,210
gbrpetro,210
gaborkadfs,210
chupakabrah,210
captainperoxide03,210
bencee420,210
barnivagyok0,210
allitelijax,210
1st188,210
mucsarocsoge,205
csavaros,205
bnz_csgo,205
zolee2030,200
xazix92,200
wotinfojacktor,200
vikingmeister,200
trafikos,200
tiborr,200
thomeee17,200
szikatheking,200
szami700,200
stulucc,200
siposgabor,200
simi721,200
sbenih,200
s1ngleeof,200
ricsi200,200
ricsham,200
realistic4ever,200
rajmi00,200
puntr,200
powcraft2003,200
olivr1027,200
nr051,200
merczel005,200
martinnn16,200
kutya221,200
kunci83,200
krill789,200
kistold1,200
jozepein3600,200
ismeretlen44,200
imkristof1,200
huntoncsi1,200
hugopareiros,200
h3xor55,200
gigigego,200
gercsiii,200
fortheglory9208,200
filedoni11111,200
ezyo,200
dvixhun,200
dmk96,200
darkmicloshs,200
darkfan3,200
csibikee00,200
bruckoo,200
bbence0730,200
bateszisreal,200
barnusta,200
balix03,200
baggiotesa,200
armor_xdd,200
adikovi1997,200
adamka38,200
adamgal94,200
tomofk0,195
tnlbandika,195
thereximus,195
the_game001,195
predator9502,195
nagytibor440,195
minimakett,195
mbenes885,195
crash0727,195
55szilard55,195
zoldseg,190
xupsi,190
wolfaface024,190
tabakoko,190
simonkornel,190
rolyyt,190
rikilive,190
redneckkkkk,190
quwisky1337,190
pixel_1,190
nanura,190
mrtbarracus,190
mfeco,190
mateez,190
madridd_hun,190
lbd_neighbor,190
koardi,190
klumpa,190
kissme1617,190
jocka32,190
janisss13,190
hunterofhunted,190
hmjt00,190
herufer,190
heavenzlol,190
gerong,190
erik007digbick,190
dravaxcsgo,190
dr4konia,190
djkemel1980,190
diavellopuertorico,190
degerg11,190
darazsmate,190
daniell069,190
clowny_y,190
benus212,190
balu514,190
atee889,190
vengeance_hs,185
tofee13,185
sh4rk_81,185
k0lgab_,185
fanzervk,185
barcaszurkolo,185
zsombusz002,180
xaverion616,180
vvvvvvvvvvvvvvvv,180
victor7tiger,180
tomi1330,180
tgreem,180
tapilaz,180
tamas1031,180
tahmkenchmainpls,180
szdaniel666,180
satyesz,180
rogergabor,180
ragatskynet,180
puls3cs,180
pdlberserker,180
pappadi,180
norbinho148,180
nemeslegend,180
nango23,180
nagy_csaba,180
nagg1e,180
mumuilas,180
mester95,180
matthewlolzz,180
mateelala,180
markuszr32,180
khondork,180
horizonli,180
hak1m_,180
glaci13,180
gamerzonehu,180
felebo,180
exile0009,180
dobosattila19,180
disco_bozont,180
decode11,180
danemperor,180
buckofficial,180
blavexcod2,180
birdmansk82,180
bero1202,180
bededeniel,180
barninhojr,180
bandi121314,180
bakalabi102,180
aziste,180
8gamer8,180
nemtudommar,175
kisspepe4444,175
creativhs,175
cookiemonsterhu,175
bluebaybe,175
zsothepro,170
zoecarina,170
tommi19930814,170
t0m19807,170
szokebotond,170
sutheo17,170
superna7ural,170
stayyecske,170
smithy0705,170
skatii9110,170
rombi84,170
pocpocok,170
pmfc94,170
penczi420,170
neeeemesnem,170
mowerqq,170
mattiikk,170
markox200,170
mali1993112,170
m1lan00,170
m1kezh,170
lpemo,170
kzlfubukyl,170
kuzasy,170
kungfuryy,170
kuci0069,170
kiegtem,170
khalen,170
kh4inth3jungl3,170
hamizzz,170
ggg__,170
getcoree95,170
eclipse989898,170
dmagnetic,170
dikazbuksi,170
csonkaa28,170
csesterrr,170
crisstian1994,170
chefpapszi,170
beercy,170
barb3k,170
avashhun,170
anaqh,170
smr21,165
ricsmond1231,165
raizennn_,165
magicbence,165
lotekprooo,165
kotonharcos,165
cromax0,165
vorosadam,160
viwa7,160
vagaqt,160
thenrik02,160
tbxxyz,160
tases7,160
tandimius,160
standras,160
simqlestar,160
ronapete11,160
renhun20000,160
powerofinferno1,160
pinyocsgo,160
petike0670,160
perrrlll,160
olikatt,160
nyem99,160
nyasu666,160
n3ur0tic,160
mokakekehe,160
mcjancsi,160
lowskillpowa01,160
limiteddd,160
levigaming0,160
lacoka123,160
l3zli,160
kolibrinyelv,160
kizsfiam,160
kistollas18,160
kissofjellyfish,160
kabitoszerbia,160
gege0426,160
gbalazs1,160
gandy47,160
frezzrrr,160
evil_ub1_blajndkappa,160
eskaipszilon,160
deotron,160
david21021994,160
darkocskaa,160
danielsan880309,160
csery001,160
chrstianzen,160
bsmartstream,160
breace,160
bnyzor,160
bnks_dwmt,160
bbeennccee98,160
bandika9999,160
attilas,160
adam040730,160
0ricsi0,160
tdavid_,155
pabdzsefan,155
morgo159,155
feherlaszlo,155
brucie87,155
zsotyoka,150
zsocuska100,150
walterwolfy,150
vura365,150
vinsko1993,150
tyrpash3n,150
tulkiboy,150
tannoiwnl,150
szepihun,150
szegedke1317,150
stemiq,150
stares2,150
smileee112,150
shiftyw0w,150
sesus77_,150
sentinel881216,150
sanyahun14,150
ronaimark,150
reggatv,150
reggaeshark_91,150
qr1sv,150
plexi123,150
noname_126,150
neon2k16,150
mohinder,150
mmartin0703,150
mistergorec,150
minyonkaa,150
mikacs98143,150
maistero_o,150
leonidasz13,150
lelitz,150
lacukapitany,150
kriszke955,150
kriipton05,150
koszta23,150
koldosa,150
kodahu,150
kiscsibi16,150
kingkemeron,150
kheiron__,150
khaledrazi,150
istideak,150
hydrapapa,150
guliavis,150
gmate08,150
george054,150
gbence44,150
galuskapowa,150
gabo420asd,150
focroli,150
fitymatuppy,150
esporthucs,150
esport123456789,150
empty0127,150
elabest,150
eferem,150
dominik246100,150
direxlolz,150
danssen08,150
danielelstner,150
csongor99,150
buyback007,150
bnc_mbrs,150
bence8817,150
barnabuksi,150
balintbaba,150
balesz98,150
balazsquad,150
awesenpai,150
atykahun,150
vnagygeri1,145
thewega,145
nofusion201,145
nagyzee,145
manyoka,145
kirsza,145
imation22,145
etele93,145
d4rkn3ss__,145
csab8,145
armygabi,145
yahoont,140
xxmarotxx,140
tonklaqq,140
tocipapa,140
szeri666,140
schmitd0,140
s1mpla0302,140
rofld2,140
preload996,140
pijerpapa,140
piercetheheaven,140
petersimo,140
peterjcsgo,140
p0tyix,140
mymomisvirgin,140
mrmaki11,140
mmrt1nwow,140
matesz101,140
mandi1994,140
malac87,140
ludinho22,140
lordsan19800618,140
loles4,140
lepke01,140
laci0604,140
krumplilive,140
kicsyroby17,140
joszif_gamerhu,140
ilyennevugysincs,140
idiota1987,140
hellcathun,140
hdnl25,140
fry0408hu,140
fregoxoriginal,140
erd3i,140
emperorass18,140
dreamwolf18,140
csstriker862,140
chrisbv8,140
bogikaa69,140
beastnike,140
bbalint123,140
balazzs2002,140
baguette33,140
badnewskiwi,140
attiscsgo,140
andras1988,140
adam20011125,140
ultrabugchannel,135
rosecs1,135
pitykeking,135
pablo22,135
hantosakos,135
f1ckeisen1,135
aryanw0lf,135
zweissie,130
zsoltd25,130
xyqbth,130
tsunami0909,130
tomlaaa15,130
tobyvagy,130
thewighknd,130
tesau13,130
szynxgod,130
szmatep566,130
szenti88,130
szeky3,130
skelly_cs,130
seleok,130
scouty445,130
sanky124,130
ruffelplays,130
robex54yt,130
responsiveness,130
rambustibi,130
progun0915,130
penge_99,130
officialoml,130
mrstiffguy,130
mogyeszsnaps,130
mmarcy10,130
mimi_44,130
melakka90,130
matthews_tm,130
mate096,130
madiszabolcs,130
lordika1,130
lolnipforver,130
lljdmll,130
lexizdabest,130
levo_frks,130
l3nar_d,130
kozy107,130
kovacsgergo11,130
kaivcs,130
jynxii420,130
junior040608,130
igzard,130
i_adr1an,130
hrxxlspy,130
horka22,130
herbausztik,130
haxcow,130
gyros1029,130
grell5628258,130
gero001,130
frencsix,130
fg519,130
fecegameplay,130
ensino21,130
detoxin89,130
decoyhu,130
csongesz12,130
csakadam2,130
classic_,130
bohoc83,130
bmct_jet_pack,130
bencike02,130
benceszathmary,130
benceee420,130
bence77888,130
bazsihun00,130
bazokaa,130
barniman2001,130
bankroller83,130
balatttt,130
bacsimark96,130
asterard,130
akipi2,130
xiethh,125
waree02,125
twineeeeee,125
stronkiii,125
olcsaq,125
jmt0,125
hunhdsz,125
gaben970707,125
front_csgo,125
anonymus4480,125
akoslend9500,125
zsroland1011,120
zsoltron48,120
voyager1987,120
v1talic420,120
tekn1kk,120
slovo07,120
silentbaszo,120
salyimark,120
safetydance66,120
robinson_cruisin,120
rinkasime,120
ricsi0117,120
rico19024,120
reduszmta,120
raxon642,120
r4v3r3r,120
quti0i,120
protonsifu,120
pityu121,120
ph3rson,120
peti0531,120
orangepower01,120
olahdenes,120
nrforcetomi,120
norbee0703,120
nemzolii,120
nagykrisztian96,120
media0102,120
mb598,120
maximocd92,120
matetizedes,120
mate2k2,120
marciking16,120
mamut002,120
majom321,120
lokilann,120
levente011o,120
lampisze,120
kylesan321,120
kvmmiv,120
kristofv4future,120
kr3mx,120
kovicsgo,120
kecso_peti,120
kaszas04,120
kalti9,120
ishabali3,120
igorl99,120
hiim_xdrake,120
gunners_hun,120
gravel0708,120
gergred,120
friarnold,120
freekniss,120
fece95,120
ervin820,120
epor1,120
eazy1500,120
dzsodzso92,120
diki1116,120
desertwowhs,120
desertkala,120
debeand,120
ddave99,120
danielkisss,120
ciganyone,120
chrisbaszod,120
captainsolaris,120
brayent,120
blackard4455,120
bishopmatt,120
birdmilk97,120
bernat77,120
beni052699,120
benculii,120
bdavid98,120
baskooo1,120
basda123,120
barniigod,120
balazsdara1109,120
astrix95951,120
arbeyy,120
alekosz88,120
acezozo69,120
traleven,115
mardstar,115
kapitany88,115
iref21,115
gyuszii05,115
gottschlig,115
fikiri6666,115
etniez,115
demolidor1225,115
csige,115
bucimaci69,115
bladeboy93,115
yaxeer,110
yadasda,110
xxsolyomxx,110
witmix,110
vsoma,110
vortexhd,110
virodani,110
veltromgg,110
tumbikrisz,110
timoti_csgo,110
szistvan,110
szagons,110
sylvester96,110
somi94,110
sole132,110
snafplay,110
skq5,110
shotman1989,110
sannyday12345,110
sabohun,110
rramonaa,110
rosh99bence,110
rasc0m,110
pufi165,110
presidentez,110
praxind,110
popopapi,110
petrr00,110
petermiheler,110
palfai,110
owpy,110
nilly94,110
nezzybeast,110
nesirjal,110
nainine1999,110
mrninooo,110
misaaofficial,110
miniiike,110
mgyrmrk,110
meotemisszimote,110
maffia54,110
machete8813,110
m1lancsgo,110
linkst4rrr,110
lexus0197,110
levfert,110
krogen33,110
kris2002_08,110
korrekt98,110
kopale,110
kmb_,110
kasztr,110
ju1c3lol,110
jordanlnd,110
jimikegameslol,110
iskarlik,110
horvathstream,110
hope1900,110
hi_guysssssssss,110
hdnagato,110
hawkcaptainhun,110
gerzsenyi99,110
fordika,110
fincooo,110
excelsiordaf,110
drumada1986,110
djrise17,110
delirium56,110
czunya,110
csonki,110
csibor1997,110
csakegylow,110
chernobilchuck,110
cabamhsaar,110
bushido1996,110
buksi9898,110
bszikra,110
bossman0156,110
bolzera,110
bituc,110
birogergo95,110
badnord_,110
backflip91,110
bababaz,110
atesz1337,110
y3llow32,105
wondoom,105
wolfbalu,105
theralte,105
rbbence0000,105
prof_chrome,105
owsla1559,105
kriszti90909,105
kopeee_hivatalos,105
klsgabor,105
kispum,105
k1ll3r1990,105
ityosz_official,105
hunjake,105
gergelyrobert,105
dundics95,105
dofiscifi,105
csabatheking,105
buub,105
agentpoki,105
3vryth1ng,105
zwei_i,100
zsozsesz555,100
zsozenator,100
zotapr,100
zoli13371996,100
walker6915,100
villj0e,100
vidicspolice,100
vendelantos,100
uborkaskenyer_,100
tototto_hun,100
tajti1995,100
szokkancs3,100
szabihunbol,100
szabee7481,100
sweet11231,100
smallloser,100
shanad,100
sdbalint,100
sajt0504,100
rezotyi,100
reetkettes,100
pistabacsi03,100
pigcry,100
petkanyospepe,100
patlik,100
panajka,100
palzsom,100
nyernijodtem,100
noelkaaa,100
noelhun3,100
nnnnbnn,100
netzerr,100
mursunka,100
mogyi01,100
mikey00155,100
mikbenc,100
matevic03,100
martinporkolab,100
mangeboa_tv,100
lawtey,100
krekk94,100
kallpazu,100
juhaszgabor07,100
jani00814,100
jakab_ati,100
inteho,100
iamzsolt,100
huszkabende,100
hnorh,100
hellsmoke123,100
harcoshun88,100
hangersolo,100
gizike,100
gergo2015,100
gatehun,100
gaspardavid96,100
gagyio,100
furyx0,100
favorit54,100
farukshakur,100
farkasmartinnima,100
eroleves,100
envyuslemagicien,100
embeerr,100
edwardz2k9,100
dkrmonsta,100
dekwow,100
dawwee_,100
dani54268,100
d1traax,100
crysis97,100
bradarts,100
bloody_,100
blkkkkkkkk,100
blaver123,100
bangomargitcs,100
azer051990,100
at_once,100
aephxx,100
adikahero,100
toodyka,95
tito9411,95
koyote97,95
imbaray,95
dnny92,95
den4ik152ru,95
winthederanker,90
williamfasthhh,90
vergilstinson,90
tudox,90
toncsi0326,90
tibcsii17,90
termynator08,90
szacs,90
stevson_,90
sparhelt,90
riko1105,90
reset1995,90
reaper880519,90
r3zist3r,90
pecus21,90
nxorr,90
noncontrad,90
nomnom_pie,90
nandee02,90
miraxor,90
medzike,90
matthewgrrr,90
marcijee,90
marcell520,90
makon4ik18,90
lowlandplane123,90
laurahun22,90
krata_14,90
kisbalasd,90
kevinferenczi,90
kardhal3,90
kaknoob,90
jodalino,90
irlammut,90
hu_scrollock,90
hori9843,90
hd_petike,90
hajbo,90
friciii24,90
fatherdanny,90
farmos12,90
esfrost,90
diveedke,90
dex1onn,90
demonboy963,90
delibali,90
csapoati94,90
csanadikevin12,90
creepzstarhd,90
chr1sdak1ng,90
borben1212,90
bbettina99,90
asdakabra,90
anonymus448,90
amadeusz1999,90
abrycator,90
truenoober,85
perzival___,85
nlgmartin,85
kissz84,85
hubi27,85
bicanka,85
zsotyeszto,80
zonik08,80
yigitalptura5,80
wildn1ght,80
westenofficial,80
weedcounterstrike,80
vip3r022,80
viktor0520,80
twitch_user_00001,80
tomiz98,80
tomas_svk456,80
thessangel,80
therobrt,80
the_joker_hun,80
tenaijo,80
szpotty,80
szalmazsakos,80
ssjvegita,80
sososeexy,80
sbenceg,80
sa_b721,80
rmfactor08,80
retek0414,80
pzpusi,80
pumukliroli,80
pronear88,80
poszthuman_agl,80
pistameister,80
pinkiepie021,80
petimag,80
ozzzie_lviv,80
olleatti,80
nandifield,80
nagygabor1987,80
mistakee37,80
mesi0624,80
men19,80
mateszguy,80
marksalew,80
maestrovik,80
lorandison,80
loliazunszocialis,80
koos_patrik,80
kistechno,80
kex2k,80
kenooo123,80
kecskekaki,80
john_maker4123,80
istvan11,80
im_just_a_dave,80
iamthebest131,80
hu_gamerzone,80
hoang1982,80
hdman84,80
haverka94,80
hanno0324,80
gerik7,80
gazo823,80
gabrielmiollo,80
forthehorde8806,80
fika2k15,80
f0restj94,80
elemerke13,80
dunaicapa,80
doncyco,80
domoo1177,80
davee9595,80
danipapa93,80
cseri1221,80
csabimate,80
carrysonford92,80
calvin27891hun,80
bekecs745,80
bazsi181,80
b_blzs,80
artifexen,80
artemjke1,80
apadattttt,80
22cmtru3dmg,80
sugoisenpaipls,75
sanji_rtr,75
rainbowcatgamingteam,75
peterdeaktamas,75
nitroka15,75
lajsii,75
istenem,75
helt_nimrod,75
hawenlin,75
guntervonpenguin,75
gunm33,75
fabytm,75
elevian,75
demonleader12,75
darkzxy,75
ch4osgamingg,75
aradipatrik99,75
akiremeye,75
zsoltix411,70
zslhun,70
zigimur,70
yurylcd,70
xalax_hs,70
whyling,70
whitejackkkk,70
vincent71hornak,70
vantsa,70
valkod,70
uccuneki02,70
tobal_971,70
thefacechopper,70
stalker8846,70
sparkiera90,70
skydragonhd,70
sickpaulcs,70
senseyx10,70
sanyicsi,70
sanyi1611,70
sanya997,70
racz7tamas,70
prinzszabi,70
pollux1984,70
pista19jdm,70
pazso99,70
patrik9711,70
noxius__99,70
nobunukis,70
ninjar17,70
nhc_mon,70
nerokak,70
nemraptor,70
narnia112,70
muraoo,70
mtsdapro,70
mrlekszmiller,70
kulipintyka,70
krisszpa,70
kopi2100,70
kisati1i89,70
kekidzs,70
kcsabi09,70
juhasz_patrik,70
jackalthebest,70
hppatrik,70
horijani123aa,70
hohodor,70
hippoyeah,70
higsbee,70
hentesv2,70
haraszinkevin,70
hangoverqt,70
halalbeci,70
gengsztermester,70
gamepachi,70
gamekutya33,70
fuuvesvizilo,70
forgeetv,70
fentonelele,70
faragobnc,70
dezithun,70
danikacz,70
dancso,70
chrisbarna,70
chatike,70
bonebence,70
blacksnow0817,70
bl4zy02,70
bdani91,70
barni5021,70
asmon_hun,70
0dani,70
typhooonhun,65
turgongondolin,65
tomoruso,65
mattheewx,65
kkarresz,65
istreamidlegames,65
gyigya11,65
ery1111,65
dogfej,65
bdavid024,65
baloghmat18,65
alaves_,65
zsaki69,60
torrug,60
tommyhun123456789,60
todoo96,60
szlvsztr,60
stezh,60
steelber,60
st4nnie,60
slice_e,60
sinya_23,60
schpatrik14,60
sausagewithbeer,60
sanya911201,60
realmadriddavid,60
quran,60
perodio00,60
pepsithebela,60
patrik987,60
pacheko11,60
owi89,60
mrjabba92,60
megaultor,60
mautnerm,60
matehorvath2003,60
marcibaa,60
lkolos123,60
lillus8888,60
lhator1985,60
lallerka88,60
kskkkkk,60
krisz1212,60
krigorz,60
kokojanos5236,60
kokainos_robi,60
kiazatag,60
kextragaming,60
kerecsen2003,60
kaszagyerek,60
karcsikaa4,60
kapparita,60
kakarottoblack,60
kakalman,60
k1roxdd,60
justforexille,60
jolvannaaa,60
invokirr,60
hkornel26,60
helldawn123,60
hegep,60
funesport,60
fentri555,60
feco007,60
faust1230,60
evitari,60
etniez94,60
dobydominik,60
david0050,60
cubec87,60
cannibaicupcake,60
bhop11,60
benzin04,60
bencer6s,60
arnika010,60
agyonbaszlak,60
zalinter,55
xujiu,55
val1sten,55
thelancelot93,55
rhhsoul,55
prk_,55
pakilele,55
oniq28,55
mscalada,55
mjani79,55
member_tv,55
laserbetter,55
lapyaelay,55
ktomi93,55
kovi821,55
kid21121,55
heizerbarni,55
geriip,55
davidd166,55
crbcsgo,55
barruso,55
arokzoltan,55
zsombor224,50
zsombor2002hun,50
zsahaza,50
yeeeb,50
xhopecrusherx,50
wariiboy123,50
walrus1122,50
viron15,50
vikingerik97,50
vajcika221,50
tzoli2002,50
tudoska,50
tothmate2000,50
tomika3401,50
tomi0225,50
tamas004,50
t300,50
szilard1261,50
szakacsistvan77,50
shizz54,50
sgzn11,50
santoska90,50
roli0826,50
rol3ee,50
rmarci5000,50
rickjecs,50
reakqgod,50
rdlhun,50
rango1128,50
protestthehero94,50
prodidzsaj,50
piciravenke,50
numer0o,50
neutr0ncsgo,50
mynameisarp,50
monk_702,50
monarch_12,50
molnarabel2000,50
mezixstudio,50
mbence1,50
marciszabi,50
mangataxgod,50
loruka,50
leliferi,50
ldtxlmaci,50
laci191,50
kriszhinho,50
kovixxx,50
kokokrisz,50
knm71,50
kicshun,50
ketaja96,50
kergov,50
kekxtrem,50
kalmartamas93,50
justayear,50
itsvoros,50
ilovesnickers7,50
iamcerb,50
hszaby,50
gyilkoska,50
greatdaan,50
gr4box,50
gamerevoltion,50
fregox17,50
fl3x87,50
finuccii,50
ezyph88,50
exedra98,50
ence2000,50
elprofesor1,50
donatemefoodie,50
dolci1209,50
desii,50
derflashun_,50
deaderiq,50
csupito,50
csizigame,50
csicseriborso25,50
brc_cs,50
borko801,50
bondtam,50
bnecne,50
bigbossser,50
baleandro,50
babyjokerps,50
b0ndii,50
attilabudai,50
adrian00778,50
aarexhun,50
zalderyt,45
willpowertv,45
vdreegonv,45
ultr_h3roman,45
tomikh,45
thejuggler42,45
sla1,45
saltbringer97,45
revivent,45
proolvl,45
pepejke05,45
norcsikadeli,45
nimi1155,45
n0way0neway,45
madrocky94,45
macijesus,45
kushimisha,45
kokeny96,45
kleid42,45
kiskocsis011,45
kecskehun123,45
k0ck4m3n,45
jamaica22_s,45
isty_00_,45
gorbebogre,45
gabor5454,45
duca515,45
drezztt,45
domysful,45
cheekyofficiaal,45
99412barni,45
zuzurekt,40
zsotyo20,40
zsoltii99,40
zoxxx78,40
zeljuli,40
zbv500,40
yydaveeyy,40
xmiluxx,40
wasd199410,40
vvvenzo,40
vi11am,40
varhelyiii,40
toxyez,40
tomytv1126,40
tmrax,40
tgofficialhun,40
tescomario,40
tejszinelo,40
tamaskaaa2,40
szergely1998,40
szenvadam,40
szabyyyyy,40
synthax06,40
superiormb,40
strr23,40
sssprint4g,40
squadronfire,40
speedykt,40
sikrustrex,40
shweirif,40
showyka2333,40
sheepgunner23,40
salyzoltan,40
sadexybns,40
rycet,40
ryanhun500,40
rodzorqq,40
revzarr,40
reenare,40
reed1005,40
redcry69,40
r3ziztant,40
pumpinhun,40
pidar_kys,40
pestilent,40
pentaloff,40
parov23,40
panyec,40
palmarci99,40
osszes,40
noffan,40
name_err0r,40
nagyatek,40
myno,40
morty53,40
morlune_,40
mixer312kd,40
minibrasshun,40
mindenaron77,40
miakhalifaishere2,40
metalpeti,40
melvinadams,40
mehesmate,40
maxvell99,40
marksalem1,40
marcsisin93,40
makszii,40
magyarorszagbavaneur,40
magasjeti,40
madair96,40
m1ssh,40
lucifershama,40
loodjebus,40
logechhun,40
levente011hun,40
leszklaren,40
lacus1995,40
korte222,40
kikszi,40
kerki1337,40
kazainorbert15,40
kamik4ze_samur4i,40
k0aru,40
jahmaljahsurjahber,40
immortalcrash,40
hunii,40
hungery02,40
hunadamhun2,40
hudonickcsgo,40
gyuciv,40
googlefordito,40
gmarcell23,40
gbr1215,40
fredihun,40
flegby,40
famousbeat,40
faiden444,40
enbeze456,40
dtompat,40
droplex,40
drlecso,40
djplafonmoso,40
dfqbaby,40
derp2319,40
demkris,40
dawe966,40
danielcrusher23,40
daneszv2,40
damilov,40
csoti_cs,40
csori,40
csibi5588,40
crazyxgor,40
bundi111,40
bulldogant,40
brash0804,40
bodito1337,40
bodiii2000,40
bnc_csgo,40
bertaattila,40
beni901107,40
bazsacod2,40
barbertelorol,40
bantuneger,40
banktalib3200,40
anyuszeretlek,40
alma463,40
akos9977,40
aker001,40
adolfka000,40
acsbarna1,40
zsolti7213,35
tonyik,35
speedygonzalesssss,35
ricor1t0,35
refillvevo,35
papesz69,35
octopuska0502,35
norbert50,35
nikolaszka2004,35
nikkenster,35
natanka123,35
monsterwatt,35
mokii1,35
lopojack,35
lewwwa,35
letradecallejon,35
konrad_,35
kartoonpapircsgo,35
hermanmartin,35
gnorky_,35
gipszeshun,35
g0j0ka,35
dwnnnn,35
dentypower,35
csukaaa,35
corsen11,35
candidconch,35
bulldoz33r,35
bonimilk,35
b_cristian2001,35
ztwitch_guest,30
zoly496,30
zolidarcsi,30
zaliel_,30
yodipl,30
xgeri1885x,30
wolfy912,30
wineace,30
wenom461,30
wedbike,30
volcare,30
vladdyshere,30
viperrhu,30
umpepe,30
twistt1337,30
tuktukh,30
tomirajna,30
tomika134,30
tibike77771,30
thurell16,30
thridal,30
therealwizzyyy,30
thehunterpro96,30
theebonkasa,30
th1nkyy,30
temilol,30
teeteeke,30
t3rryrl,30
szotyaaa,30
szerzetees,30
syder88,30
styleehun,30
strix2017,30
stopitv2,30
sssn1ck3rsss,30
sry_misclick,30
spk7,30
space1k,30
snailzzz,30
smn001,30
sityu88,30
shortbus007,30
sharavy1,30
sbee26,30
sanka0001,30
saiko_r,30
saagame,30
rolika03,30
rojkoati,30
rizkihasebe,30
remedy04,30
rektboij,30
radicska17,30
r1ptor_,30
qprr,30
purpleeyewow,30
pudippudi,30
pchl_,30
ordogfioka13,30
one1cigid,30
nieder14,30
nicro_noob,30
negrokaballo,30
nefi24,30
myko15,30
mulllu,30
mrselectionyt,30
mrnorbiix,30
milandiso,30
metal_treehouse,30
meszidani,30
mehrdad42,30
matek41,30
marrkmarrk01,30
marklensp007,30
markezzon,30
makotya,30
majsadomi100,30
majomsegg,30
ludicrous55,30
lozsti,30
lmba,30
labot1,30
la55ze,30
kukorizz,30
krisszhun12,30
krissz18,30
konyalaci,30
kokusz19,30
kiskuru12,30
kiskacsa16,30
kimilele,30
killerke31,30
kiefcsgo,30
karvaj,30
kakimester2,30
kakaopor72,30
k3m3ny033,30
jocigamer99,30
jhbszaszi,30
itzliamcsgo,30
ikszilon,30
ianselot12,30
hunzazii52,30
hunchopatrik,30
hun_patyo,30
hopkaplay,30
hevke,30
hearvintage1,30
hballer932,30
hawk_official,30
hathook,30
hasksfbr,30
harivokcs,30
harangmilan,30
hacker2910,30
h_levi2p17,30
ghostmisi,30
gerison9,30
gergo4321,30
gabikavagyok005,30
fox_proxima,30
fodamighty,30
fiiirpo,30
exigooo,30
elikszir,30
eilistraa,30
efbijn,30
edwardbulletmagnet,30
dragobm2,30
donat213,30
domsavalentin,30
domo10000,30
dizzyke,30
defend8387,30
davidlenart5,30
datermo,30
darkplanet98,30
darklesel777,30
danikaa,30
daewoneune,30
crazierclown017,30
cletrox,30
buckshoot,30
boxxxy,30
botaa,30
berthabalint1997,30
barbecue01,30
bambus31,30
balazskrisztian,30
axisity,30
ateesz1,30
ardasi,30
anoonymus2001,30
alexhun678,30
aca88120,30
abhstream,30
aadfgh1,30
3ffk4y_,30
zsombi1104,25
yoda_papa,25
wodka7,25
waynebacsi,25
vvfdak1ng,25
turbinja,25
torokmatyas1994,25
szoker731,25
ss3123059,25
sacrifice59,25
roncsevics,25
peti_hunter,25
markqwert,25
lerryjackson,25
korygod,25
kicsirigo0005,25
kesudio5,25
karcsihun,25
kajerroli1,25
instinctzbp,25
forucko,25
feanndoto,25
ezinga,25
esporthutv,25
erikx1999,25
bytechhun,25
bramexx,25
bdav22,25
bbarnabas2002,25
bahatka03,25
aproxpumpa,25
almospro,25
alistarorfeed,25
adonsya,25
zunyiga,20
zssoltika,20
zozzrrr,20
zownieofficial,20
zoltan437,20
zolli27,20
zolispurs,20
zola0912,20
zerotimer0,20
z4k11,20
yungsyrub,20
ydong4213,20
xtz1112,20
xin1337,20
xerxe22,20
wh1mp_krueger,20
vtomii,20
visionx9,20
veresadee,20
vbalazs24,20
userju4n,20
uchihaitachi1990,20
tyler1337,20
trilla1015,20
treestee,20
trakika,20
totpal97,20
toosweet22,20
tomi3214,20
tintafolt,20
timetoselfie,20
therealhussar,20
thephenomen96,20
thekorex,20
thefatel,20
thebaldone22,20
tavokyek,20
tapizsolt,20
tankerka1990,20
t_l_twitch,20
szzalan2003,20
szuhi4ever,20
szola84,20
szlobeszkov,20
szilagydavid,20
spedy,20
soochko,20
snakecrucial,20
smok1e_,20
skayfruit,20
singsingpussi,20
simonka,20
silent29ren,20
sidius27,20
sharkino,20
sgscorpion18,20
seveneel,20
senator222,20
sebikehun,20
schw1ffty,20
scenexx,20
sbcendi,20
sawsweet,20
rubel77,20
rooopy,20
roland34125,20
roguelolqqxd,20
robottx1,20
ricsirichard6,20
ricsamagpie,20
ricdavid,20
riccoo89,20
rellowe,20
r0xend,20
ptky1207,20
prokoli12,20
profenstein,20
powinew,20
potyazo,20
potti95,20
pkevin5666,20
pirosfeherbicikli,20
petyax97,20
peterpalbandi,20
persellus95,20
pengelinho,20
paulmuaddib73,20
pandiecsgo,20
overlodskip,20
osonoboleny,20
oniiiee,20
officialproxor,20
odresgo,20
nyergesibz,20
nyanyi005,20
nudl1,20
nowa20,20
notruxhun,20
nosound84,20
norbil96,20
norbii__,20
nlacy86,20
nixon977,20
nikopat14,20
nek7play_nikitenk,20
mustar,20
murhingeir,20
mrqaaa,20
mrlouie7,20
mrjunkie13,20
moyox2,20
mojito000,20
modulator2000,20
miluuuuuuuu,20
mikimouse96,20
miilkyywaayy,20
mf19960216,20
mentiel,20
meczikee,20
mate07112000,20
mastertaster88,20
marton20022002,20
maocsegtung2,20
manlydavi,20
mandvill,20
mandingofia,20
makiver3m,20
m_ansqt,20
lynx_hun,20
lycareless,20
lipstickevidence,20
levike2013,20
levi_csg0,20
leonidas6586,20
larkin0091,20
lancercsgo_,20
lacicaa_,20
kriszmv111,20
krisz9804,20
kristii1999,20
kregrico,20
kovesz77,20
konyazoltan,20
komi93,20
kole7ua,20
kokesz10,20
kodrix73,20
kobrador,20
koalawow,20
klonik001,20
kleomit,20
kispista12345,20
kingmctv,20
keelo1,20
keda0124,20
kavics01,20
kar702,20
kalist97,20
kali1g,20
kakiskifli,20
kajlipapa,20
kaczbence,20
kacsak,20
juszti365,20
justgabciv2,20
just_vp,20
johndevis99,20
imicevok,20
imflynnn,20
iluha12303,20
ilovetechno79,20
ihatehaters2013,20
hypergomb,20
hyper15hun,20
hunduracell,20
horthykristof,20
horoscope_,20
hobbitleader,20
hntaxe125,20
hiimwuci,20
hhhbug,20
heczeia,20
heafy,20
hazardwow,20
hatoska,20
hacsek,20
h0rus_hun,20
gubobence,20
griffson04,20
gorcsev99,20
glasshds,20
geri225,20
gergo_boss,20
garagee,20
gameworld1211,20
gamer9105,20
gaborsteamrol,20
gabor2699,20
g30rg0,20
francob12,20
fody155,20
fodajennerkutyaja,20
flick3ry,20
flear123,20
flashbence0,20
fiestamk7,20
fghggwtui,20
fantasyez,20
falvika,20
falconsocute,20
f0xyourself,20
erik97,20
ergod1337,20
endezweii,20
elunico17,20
eldred13,20
ejszk,20
egymackojelolj,20
dwarfiechan,20
durm4x,20
drifting16,20
driak21,20
dreamofficial_,20
dreamhack,20
dominik6905,20
doki29,20
dmb89,20
davies921209,20
dany8025,20
danika_a_suger,20
danidani401,20
dani12222,20
dancsipofa18,20
dafcsyoffical,20
daermon85,20
czakoszasz77,20
cumimaci,20
csutakj12vagyok,20
csokidapro,20
csabi1235,20
costawannabe,20
convertx,20
combohun,20
civil_hun,20
chudyhun,20
carrykova,20
caranox96,20
bura442fasza,20
botos_z,20
boti15000,20
borzig111,20
boros_s,20
bonduare,20
blaster9999100,20
blackbird488,20
blackartyy,20
bl4d3k,20
bkrisz0116,20
bevecii09,20
bernaat01,20
benspades,20
benceturcsi16,20
bencethink,20
benceet,20
belinszky,20
beax94,20
bdarakin,20
bazs17,20
batmanschool,20
barl0k,20
barany_,20
bandoleros1985,20
balzsai,20
balintvagyook,20
balinthalo3,20
balabeastx,20
bakito94,20
babarablas,20
ata29ster,20
asdferko,20
arontv06,20
arnolddd1997,20
aranygaluska_,20
antalfi,20
angel1124,20
amlelele,20
amehes777,20
ambbii22,20
alkapone0802,20
aljasgumikacsa,20
agazsodertjottem,20
aenestepe,20
adam_besze,20
active1118,20
abloo55,20
aarchi21,20
6danyl9,20
vorttex,15
th3_l1m1t,15
szalonna321,15
pazaakxd,15
oflomonsterr,15
mexxivok,15
haz0n,15
handikapplayer,15
geccccch,15
brutyoka,15
bemark51,15
andrew4_,15
zyppi98,10
zuhanocsirke,10
zsomhun507,10
zsombor_98,10
zsoltiofficial,10
zolipapi,10
zohax66,10
znrw0w,10
zivon,10
zeuszmeste,10
zeromnt,10
zekeee07,10
zeboo77,10
zdevil1919,10
zanoni18,10
zajcipapa,10
zacseszeh,10
zachiiz,10
yurn3er0,10
yunomesowel,10
yueouoy,10
yozsee11,10
youngjeef,10
yolofmeister11,10
yezrej,10
yemeister11,10
ybshu021,10
yasuofighter123,10
xxxyvualbxxx,10
xxx_faraon_xxx,10
xsajtx,10
xjosh83,10
xenosz,10
xandris99d,10
wtf_iceman,10
wosiugrotto,10
woodkid92,10
wolf21lul12,10
winderlex97,10
wildrosee7,10
whitzelight,10
whiskasforkiskas,10
weberking97,10
wearitas,10
wayne0763,10
wardow10,10
vuzehucsgo,10
vuzedownloads,10
vukiettran3,10
vsoma003,10
voorteksz,10
vlakaiii,10
vizilau,10
viraghdavid,10
villko,10
viktor9545,10
versius03,10
vedobence,10
vazulneni66,10
vass_bence,10
vani8810,10
valent_97,10
valakivok12,10
valakivagyo,10
val2209,10
vadaba66,10
v_reka,10
v4d4m94,10
v3nco,10
usiss19,10
urban_gabor,10
unyiga,10
unadopted_baby,10
umbreakerbr,10
ultraboyub,10
ukrangazolaj,10
tzeustv,10
tyukica,10
tyrionn87,10
tymkke1337,10
tubiraku,10
truli_,10
trudi1,10
trevcsgo,10
tres89,10
tracking002,10
tr41v4s,10
tompogaming1g,10
tommy666,10
tomipontcom,10
tomingher,10
tomi14,10
tomi11235,10
tomek2444,10
tomeczeqq,10
tomchefhun,10
tokizsamo,10
titan02311,10
tisztadili,10
tirol66,10
tipra12,10
tiiltover,10
tihzso89,10
tigwelder06,10
therunawayboss,10
therealdstrctnl,10
theoto42,10
theltpgaming,10
thek3ry,10
thegerio01,10
thegaryan,10
thecraziestmarine,10
thceagle,10
test_gamer19,10
terrorthelegend96,10
tekikatona,10
teddy999999,10
teddhun,10
technoboy666,10
tbgchicken,10
tbence1105,10
taste99,10
tasix2,10
tanarur,10
tanakamester,10
takoszer,10
takehim,10
taigetoszi_feri,10
t1monnn,10
szupercsiga,10
szucsgamer,10
sztornooo,10
szsimon0817,10
szonik69,10
szodanixd,10
szocsa1,10
szityak,10
szimris95,10
szgeri999,10
szeriton,10
szeretemacsulkot,10
szennayee,10
szende60,10
szaller,10
szaki0402,10
szabycsgo,10
szaby07,10
szabina,10
szabi20020803,10
syned7,10
susnya,10
susa13145,10
supriese12,10
supii03,10
superman420,10
sunkienator,10
sumesy,10
strtheone,10
stringfield90,10
striki10,10
strezi_tv,10
streammomentsyt,10
stipi_khagah,10
stefyn88,10
stauffenberglol,10
starkillercs,10
stam07,10
stakelglobal,10
sswiitch,10
sourpls11,10
sosober,10
sosbalesz,10
soldadomarquezzz,10
soapmv,10
snoziiig0d,10
snooo1337,10
sneeze3456,10
snafhu,10
sn1408,10
smirka13,10
smerhii,10
slothyjoshtv,10
slice1997,10
skywalkin,10
skywalkerbrat,10
skygames0221,10
ski123456789,10
sketterhq,10
sipo0,10
simkonc,10
simanricsi,10
silentkiller_13,10
short___,10
shiftihypee,10
shen1234911,10
shake_official,10
shadowoffical,10
sh3zam,10
serik12114320680,10
sennnsy,10
sengurr,10
sektor338,10
segnyaloeskakas,10
sefatuncaa1905,10
seacon1,10
sdsutton78,10
scoreyy,10
satann19,10
sasika22,10
sas5d,10
sanchessz,10
sammooooooooo,10
sakeen93,10
saidka96,10
sahes5534,10
sabalabaluu,10
rsking09,10
rozso_,10
roy_hun,10
romanthrone850,10
robu23,10
robika5832,10
ricsy_2008,10
ricskusz567,10
ricsi_131313,10
ricsi1313,10
rhapsodyhun,10
rezinerbiceps,10
rewiore,10
revonextm,10
revicet,10
reverstream,10
res1stkortefej,10
refike,10
redzzzz7,10
recska01,10
reaction273,10
raveexpert99,10
rasalevi,10
rapidkakao123,10
rapidka,10
rantika123,10
rangochannel,10
rakrisztian,10
raknepseg420,10
rajgame18,10
raidon011,10
raidee_,10
rafalkosa,10
racketeer22,10
r1verse92,10
r0yal94,10
r0binsonnn,10
qwant20,10
qvadro6,10
quyquang,10
qkehhhzjee,10
pywil93,10
pvpfan13,10
pvfr,10
pvalaptrik,10
pumukli,10
pulivrfan,10
pukika,10
pubgfaszom,10
ptkgod7,10
proxuska,10
prosky00,10
primerox9,10
prewexke,10
prdbeast,10
prasnaerik,10
pow3rsl3sh,10
polszterd,10
pocketspeedy,10
pluxcming,10
plaxz,10
pityukaxddd,10
pitortoth,10
pistike11,10
pisti9503,10
pisti12347,10
pirimen,10
pipiatyuk10,10
pingii02,10
pinghorizon,10
pilvaax,10
piceycsgo,10
phmod6,10
phhx97,10
phamibeatz,10
petmann,10
petikaaa,10
peti097,10
petertomi17,10
perey9102,10
perc6,10
peethun,10
pecolada2000,10
pdg_dare_gaming,10
pawaah,10
patrikzsurkan,10
patriknemeth,10
pataki7,10
partyzongora,10
papika22,10
panzerkampwagen,10
pamera_,10
palaaamester,10
pajkosmanguszta,10
pagger1,10
p8baytek,10
p2mmatthew,10
p0lyakito,10
orphean2,10
opportunity_31,10
opieoupe,10
onetapsmylife,10
ombrexvagyok,10
olbe98,10
olahjanos,10
officialsmet,10
officialmach0,10
obninator,10
obituary84,10
nviktor93,10
nurgisa099,10
nunoramos23,10
np421,10
nordekcs,10
norbkk,10
norb17,10
noobyka,10
nokomenthun,10
nixxdapro,10
nike_1488_,10
niikosz,10
nghtwing,10
ngabor0508,10
neyzancsgo,10
nexus6fr,10
neverxd12,10
nevenincstwitcher,10
netlegenda,10
nepperhun,10
neosilverone,10
neon232,10
nemo138,10
negev28,10
nd10717,10
natixco,10
naltyr,10
nakahun,10
n1facetv,10
mynameisfuliii,10
mwally5,10
msnickibarbie,10
msggod,10
mrgattusog,10
mrdirtydutch,10
mrbigg,10
mostfille,10
moshellshockern,10
mong1ee,10
moheeka,10
modeneo,10
mme_gvn_black,10
mmate800,10
mkz_live,10
miouna,10
minigadtr,10
miluka1,10
millerhun,10
milleihun,10
milenn25,10
milanhuszak,10
miklosgabor,10
mihalyka88,10
michaelgamingtwitch,10
mhwow,10
mezry1,10
metaljoshdt1,10
mestergabo,10
mester2125,10
mercensis,10
meldrack,10
mehmetozn111,10
megintegyaaa,10
mdmesh,10
mayhemkid95,10
maydieqtp,10
maxwellv1,10
mattheas_kun,10
matonhd,10
mate636,10
mashina7,10
martex500,10
marklukacs0214,10
markesz13,10
markc33,10
marciking_1,10
marcigaming03,10
maokaitheforest,10
mannold,10
malorpapa,10
makostube,10
magus5,10
macskap_cse,10
m9kaficek,10
m4rketti,10
m00diy,10
luw4u,10
loxe123,10
lowpriolegend,10
lovkristof,10
lorinczzalan0,10
lmate200507,10
linexy00,10
lickmyflick,10
levimesterhun,10
levi975,10
levi1010_,10
lestaktika,10
leskob,10
lereggaegend,10
lenchinno,10
lehuy1992,10
leesin6969,10
ledovskih123,10
leader2863,10
lazynara,10
lazydoctortv,10
latro97,10
laggr12,10
lacszall,10
laci960103,10
laci1027,10
laci0204,10
laccaki,10
kyssksz,10
kvch2517,10
kurama9306,10
kumbej,10
kuli_,10
kubaifos,10
kss4564,10
krullexcsgo,10
krogexfanamretrovagyoklul,10
krobert0009,10
krisz_nvidia,10
kristof696969,10
kristof0113,10
kriss888888,10
kriminal1337,10
kr3w19,10
kr1sz1995,10
kozyp,10
kovibank,10
kovacskrisztian,10
koszzcsgo,10
kostyalik997,10
kosa_david,10
korrekt_16,10
korosidav,10
kornel722,10
komedias1233,10
komasaki001,10
kokcsong,10
kodacsgo,10
kobikoba12,10
kobak016,10
koalageco95,10
klzstar,10
klopy98,10
kkiwi_xd,10
kjoca93,10
kisss31,10
kissgabor05,10
kissdani014,10
kispisti007,10
kislulu17,10
kircsi007,10
kingmiskolc,10
kingbestoff,10
kimord,10
kilovog888,10
killer_idiot,10
kicsikalo01,10
kgergoooo27,10
kgasg,10
keychaos,10
kerkeii,10
keput86,10
kenwoodd1230,10
kentarou,10
kecskekula,10
kecskehadur,10
kawaiikrumplii,10
kaszi46,10
kaszas101,10
kasajano01,10
kaptainhs,10
kappameister777,10
kapalll,10
kaoss_,10
kandala500,10
kanczy89,10
kalifasz,10
kalareeen,10
kalacsf,10
kakukk20,10
kaahyoloo,10
ka17en,10
k1smagyar,10
k0lbeezyeah91,10
k0ala5,10
just_kiko69,10
jrecepp,10
jotatel,10
jonapetey,10
jogibir,10
joey_hooligan_tv,10
jocka20,10
jocipovics,10
joci2005,10
joaaoclavery,10
jcadilak,10
jatekdaweel,10
jasznagykun,10
janoska010,10
janosjano152,10
james5023,10
jacksteveson,10
iszonyat23,10
ismailbrdk1,10
irondrugs,10
inzektion,10
inverse11,10
inteeel12,10
imtripix,10
imdanyhere,10
ificsapo,10
icoxsgame,10
iamrolandn,10
hype_fuziii,10
hw_bluem0nkey,10
hunplay01,10
hunlking,10
hundaniel11,10
huncsiga,10
huer79,10
hubul_,10
hot_man69,10
horribleman2,10
hopz_12,10
holyarrows,10
hokimaki10,10
hogra313,10
hioketsu,10
hiimwolfy,10
hiimkraph,10
hightbear,10
hey_arnoldd,10
hexikee97,10
heroka4,10
henba,10
helloguys1krisz,10
hegeri_21,10
hedii12,10
hazaizsolt,10
hawkman0987,10
hartgabor,10
hanzsekdani,10
hansgoy3,10
hangzoj,10
habilaci,10
gyurka97,10
gyurcimurci,10
gyalogolok,10
guy1163,10
gubicsgo,10
gtgame1700,10
grofaron,10
grmoff,10
grimmejoww,10
greenplays1,10
gpm4ik,10
goodoldchicken,10
gok3,10
glhf6996,10
giczimark01,10
ghaboohr,10
ggsnq,10
gg12345678a,10
gerynikovics,10
gergobolvari,10
georgec57,10
gdani,10
gavenrock123,10
gaury89,10
gaspargomez,10
garben1999,10
garafakaitsback,10
ganjamanus,10
ganesolo,10
gamingwithtrolltwitch,10
gamertiborhd,10
galmatox,10
galileogalilei,10
gaboka12341,10
gabika01234,10
gabibeg,10
gabentos,10
gaben_,10
g4pi,10
g4m3rpl4y3r1,10
g4cm4n,10
futocsiga_,10
funwolf122,10
fules08,10
fueledbypugs,10
frzoz11,10
freezy32275,10
frankie7557,10
francescok1ng,10
forgetasd,10
forfun9,10
fordragonhun,10
foditamas,10
focuspatrik,10
fo_cus,10
flqmie,10
flnxzje,10
fledhed77,10
flamemaster9990,10
flakey05,10
flackon21,10
fjroland,10
fiptu,10
fineststone,10
filmkiller,10
fexa92,10
ferii1231,10
ferenc07,10
feketemarci,10
feketekristof2003,10
fasthandyhun,10
faster47,10
farkaskoma1,10
farcsidruid,10
fapzera,10
fanatic90,10
ezumcsgo,10
eye4eye_hun,10
exvellpmg,10
exsyte_official,10
exodikon,10
exiil,10
exdodo,10
evyerhyuve,10
evilraidota2,10
esl_esporthucs,10
eredessil,10
erdelyesieniko,10
er11k_tv,10
epilepsziaselefant,10
eok_official,10
enzzim,10
enzotheonee,10
ene810,10
endre123321123,10
emdeff,10
emanresuhctiwt,10
eltutto,10
eldorowen,10
ehnvie,10
egon234,10
effendi0,10
edukaa,10
ebonrok,10
dydus123,10
dunio1245,10
dullknifes,10
dudi824,10
dudas95,10
dronof_1968,10
drobimate,10
drking48,10
drizzitfirstone,10
drianon,10
dreamy97,10
dreamhackcsgo_fr,10
dragox12345,10
dorisensei,10
doraxx9,10
don_smile01,10
domonkos02,10
dommax9,10
domi20180515,10
dokyka,10
dnz96,10
dmboy2,10
dislucky,10
diehardxnemo,10
devotrops69,10
devodkai,10
dev_official,10
destructionworks,10
deroj,10
deres20,10
dempdon,10
demfortio4,10
deklog1,10
deca24,10
deadshadow93,10
deadfirehun,10
davis1130807,10
davidtoth05,10
david091120033,10
davegamer1208,10
davee77,10
darvex2,10
darktek6,10
dariusthedunkmaster,10
danniew_w,10
danigamers1001,10
danielgames0032,10
daniel0520,10
dan300020,10
dadunction,10
d3janc,10
d007tnt,10
cziegler27,10
cyxietv,10
cuudi95,10
cubika93,10
cubedli,10
csuszkadj,10
csurpina,10
csizmi1,10
csiszfajter2,10
csikdomii,10
csicsohunter,10
csgo_asd,10
csanavok78,10
csallod31,10
csakadam22,10
csakabazsi,10
csabus,10
csabejn,10
csaba18,10
cryhere,10
crybenxd,10
crtomi,10
crittree,10
creed1337_,10
copyhun,10
colo313,10
colme12,10
clydinho__10,10
ciruuu_,10
cibi2838,10
chuminh18695,10
chulobanhmy,10
christmas20,10
chees3_,10
cezar2ezer,10
catalyst_csgo,10
carolx1777,10
canberk411,10
camilli,10
calada2,10
c0reyt,10
bztprod,10
burkut,10
bundas120,10
bud_spencer1929,10
bt0my,10
brytter,10
bronzygnat10,10
botswagolas,10
botivagyok013,10
borokpatrik,10
bonolact,10
bongyus,10
bodii_,10
bobo38zeg,10
blindfishee,10
bleeex_,10
blazius_,10
blacky95,10
bl1ndex,10
bkkellenor,10
bippidy_,10
billygoeswild,10
bilekss,10
bigr1599,10
bigd0gany1994,10
bevizz,10
bestpigeoneu,10
bert0,10
bercyszisza,10
bentayanamoi,10
benjivok,10
benjamin19960808,10
benii522,10
bendjiprox,10
bence5678,10
bence15,10
bence01246a,10
bebeonline,10
bbmesterbb,10
bbexdi,10
bbalaazs,10
bb00729,10
bazsobalint,10
barnivaok,10
barnifamegintittvan,10
barni20hun,10
barbar0123,10
bandimajster,10
bandeee,10
baluka01,10
balu58,10
balintoss15,10
balintka960110,10
balintbuzsaki,10
balazsborbely,10
baitfest,10
bagyi,10
bacso3,10
bacontrakt0r,10
b4l1nt25,10
b4ds3ctor,10
b3nceee1,10
b3jgli,10
b1nxvagyok,10
b0mbast1c,10
az_best,10
atwhabba,10
attilavajk,10
atp219,10
atithehero,10
atisdoki,10
atakanemr,10
aszhole21,10
asesuautistas,10
arvaibence98,10
armashka14,10
arkemidas,10
arecepcios,10
arctichype,10
aragorn160,10
aquanico,10
apimami,10
apa1225,10
anttique,10
antmanbf,10
anti13pro,10
angelocordovs,10
andrisvagyok,10
andris20011,10
ancsanjanosmark,10
amtrup854,10
alter14888,10
allexka181,10
alica1210,10
alexnagy0703,10
alexdobos11,10
alewa1,10
alestral,10
akos97221,10
akos29,10
akos0517,10
akee92,10
aizen142,10
airwalkforever,10
agomate_95,10
ag2053,10
aestheticscsgo,10
adrianthefirst,10
adamll,10
adamboi,10
adam13375,10
aczadam,10
abigfatboi,10
abdinabi29,10
aaligachov,10
420jkr,10
3mxdevereaux,10
0pitbul,10